{"target": 0.6890000000000001, "params": {"er": 3.876406901667218, "rd": 27.118758283650312}, "datetime": {"datetime": "2021-06-16 12:36:51", "elapsed": 0.0, "delta": 0.0}}
