{"target": 0.02200000000000002, "params": {"er": 1.4142135623730951, "rd": 12.0}, "datetime": {"datetime": "2021-06-16 12:35:35", "elapsed": 0.0, "delta": 0.0}}
